task,feature_order,gene_a,gene_b,pair
progression,1,C1QB,BAIAP2,C1QB-BAIAP2
progression,2,MTHFR,TOMM20,MTHFR-TOMM20
progression,3,GBP4,MS4A1,GBP4-MS4A1
progression,4,DCUN1D3,ZNF248,DCUN1D3-ZNF248
progression,5,ADCY3,CAPRIN2,ADCY3-CAPRIN2
progression,6,JAK2,TRIB2,JAK2-TRIB2
progression,7,AIM2,ASNSD1,AIM2-ASNSD1
progression,8,C1QC,TKTL1,C1QC-TKTL1
recovery,1,AIM2,ASNSD1,AIM2-ASNSD1
recovery,2,JAK2,TRIB2,JAK2-TRIB2
recovery,3,CD38,DPH5,CD38-DPH5
recovery,4,MCTP1,RPAIN,MCTP1-RPAIN
recovery,5,P2RY14,EXOSC6,P2RY14-EXOSC6
recovery,6,GBP4,MS4A1,GBP4-MS4A1
recovery,7,STK3,LYSMD4,STK3-LYSMD4
recovery,8,ETV7,SLAMF1,ETV7-SLAMF1
